session	browser	start	end	pid	nproc	note
01a0d44a-3bd7-73e0-b055-25f6e0416481	chrome	1790268057.503621345	1790268077.507976942	1394	2	stagger 0.10s, max_simul 10, wall 20.10s
01a0d44a-3bd7-73e0-b055-25f6e0416481	chrome	1790268057.590124636	1790268077.602005247	1402	2	
01a0d44a-3bd7-73e0-b055-25f6e0416481	chrome	1790268057.590103673	1790268077.606838859	1399	2	
01a0d44a-3bd7-73e0-b055-25f6e0416481	chrome	1790268057.602734012	1790268077.608599146	1400	2	
01a0d44a-3bd7-73e0-b055-25f6e0416481	chrome	1790268057.607942960	1790268077.614045422	1404	2	
01a0d44a-3bd7-73e0-b055-25f6e0416481	chrome	1790268057.603479319	1790268077.612561543	1401	2	
01a0d44a-3bd7-73e0-b055-25f6e0416481	chrome	1790268057.604575773	1790268077.610025100	1410	2	
01a0d44a-3bd7-73e0-b055-25f6e0416481	chrome	1790268057.595177034	1790268077.603781062	1414	2	
01a0d44a-3bd7-73e0-b055-25f6e0416481	chrome	1790268057.585734872	1790268077.611056994	1411	2	
01a0d44a-3bd7-73e0-b055-25f6e0416481	chrome	1790268057.607665150	1790268077.619119873	1407	2	
01a0d449-a9e3-72c8-b82e-f48aac1d4ea7	firefox	1790268002.958177517	1790268022.961476708	1340	2	stagger 2.0s then +126.5s (agent split 8+2), max_simul 8
01a0d449-a9e3-72c8-b82e-f48aac1d4ea7	firefox	1790268003.015786956	1790268023.018984003	1345	2	
01a0d449-a9e3-72c8-b82e-f48aac1d4ea7	firefox	1790268003.133097448	1790268023.135698168	1350	2	
01a0d449-a9e3-72c8-b82e-f48aac1d4ea7	firefox	1790268003.509065206	1790268023.511972704	1355	2	
01a0d449-a9e3-72c8-b82e-f48aac1d4ea7	firefox	1790268003.848284497	1790268023.851175516	1360	2	
01a0d449-a9e3-72c8-b82e-f48aac1d4ea7	firefox	1790268004.197415510	1790268024.200085598	1365	2	
01a0d449-a9e3-72c8-b82e-f48aac1d4ea7	firefox	1790268004.561012122	1790268024.563733391	1370	2	
01a0d449-a9e3-72c8-b82e-f48aac1d4ea7	firefox	1790268004.906251826	1790268024.908959483	1375	2	
01a0d449-a9e3-72c8-b82e-f48aac1d4ea7	firefox	1790268131.384592589	1790268151.387583348	1442	2	
01a0d449-a9e3-72c8-b82e-f48aac1d4ea7	firefox	1790268131.698888500	1790268151.701984745	1447	2	
01a0d449-6e56-7d04-8e02-b2f42c56d65d	brave	1790267986.889039194	1790268006.892323201	1340	(n/a)	stagger 3.44s gaps ~0.47s, max_simul 10, wall 23.44s; nproc omitted by instruction
01a0d449-6e56-7d04-8e02-b2f42c56d65d	brave	1790267986.947316343	1790268006.950465524	1345	(n/a)	
01a0d449-6e56-7d04-8e02-b2f42c56d65d	brave	1790267987.347635788	1790268007.350551496	1350	(n/a)	
01a0d449-6e56-7d04-8e02-b2f42c56d65d	brave	1790267987.883861712	1790268007.887259660	1355	(n/a)	
01a0d449-6e56-7d04-8e02-b2f42c56d65d	brave	1790267988.360522274	1790268008.363667163	1360	(n/a)	
01a0d449-6e56-7d04-8e02-b2f42c56d65d	brave	1790267988.831498340	1790268008.834400693	1365	(n/a)	
01a0d449-6e56-7d04-8e02-b2f42c56d65d	brave	1790267989.305895444	1790268009.308994657	1414	(n/a)	
01a0d449-6e56-7d04-8e02-b2f42c56d65d	brave	1790267989.839043621	1790268009.842304685	1429	(n/a)	
01a0d449-6e56-7d04-8e02-b2f42c56d65d	brave	1790267990.322901425	1790268010.325555444	1434	(n/a)	
01a0d449-6e56-7d04-8e02-b2f42c56d65d	brave	1790267990.327705658	1790268010.330259218	1435	(n/a)	
