seq,path,created_utc,created_ist,created_ns_of_second,created_ns_epoch,birth_time_source,modified_utc,bytes,sha256,origin
1,envcheck/session1/bg_start.txt,2026-09-04 13:44:24.468689 UTC,2026-09-04 19:14:24.468689 IST,468689453,1788529464.468688965,statx birth time via coreutils stat,2026-09-04 13:44:24.468689 UTC,9,a7a5b1464f5306178d5c3e74efa8665f47acda26775ad6822596a0d484f879e0,relocated/copied this turn; content authored in an earlier turn
2,envcheck/session1/cpu_bench.py,2026-09-04 13:44:24.468689 UTC,2026-09-04 19:14:24.468689 IST,468689453,1788529464.468688965,statx birth time via coreutils stat,2026-09-04 13:44:24.468689 UTC,2335,7ecc46547e253622ca5ea0b90fae398d633d1f4220b7a82e4f3f5d3a6cf60aff,relocated/copied this turn; content authored in an earlier turn
3,envcheck/session1/cpu_bench2.py,2026-09-04 13:44:24.468689 UTC,2026-09-04 19:14:24.468689 IST,468689453,1788529464.468688965,statx birth time via coreutils stat,2026-09-04 13:44:24.468689 UTC,2895,065551b8967fde74792b38c5eb8f1ddbbb19d232b90d80b8de34edccefab83b1,relocated/copied this turn; content authored in an earlier turn
4,envcheck/session1/disk_bench.py,2026-09-04 13:44:24.468689 UTC,2026-09-04 19:14:24.468689 IST,468689453,1788529464.468688965,statx birth time via coreutils stat,2026-09-04 13:44:24.468689 UTC,2728,723fea5f2e10181bbf5157eb9e9cc4a4c2b3adbcfcb9a043da881920aa40e3f8,relocated/copied this turn; content authored in an earlier turn
5,envcheck/session1/mem_progress.log,2026-09-04 13:44:24.468689 UTC,2026-09-04 19:14:24.468689 IST,468689453,1788529464.468688965,statx birth time via coreutils stat,2026-09-04 13:44:24.468689 UTC,835,1a2e35a2570d73f0f3411361212ca4fef30038a34588757cfb63216afd76c814,relocated/copied this turn; content authored in an earlier turn
6,envcheck/session1/memtest.py,2026-09-04 13:44:24.468689 UTC,2026-09-04 19:14:24.468689 IST,468689453,1788529464.468688965,statx birth time via coreutils stat,2026-09-04 13:44:24.468689 UTC,1039,1a7d44b4f00d80595f0eb3d23e6f997ef552bb3e7aec89eabafaf048848fb71e,relocated/copied this turn; content authored in an earlier turn
7,envcheck/session1/net_throughput.py,2026-09-04 13:44:24.468689 UTC,2026-09-04 19:14:24.468689 IST,468689453,1788529464.468688965,statx birth time via coreutils stat,2026-09-04 13:44:24.468689 UTC,2829,bbe020a5d21e1fe828062e75e37e77fda3127c9ec68b64589ef35bfd12b0b2ad,relocated/copied this turn; content authored in an earlier turn
8,envcheck/session1/net_workload.py,2026-09-04 13:44:24.468689 UTC,2026-09-04 19:14:24.468689 IST,468689453,1788529464.468688965,statx birth time via coreutils stat,2026-09-04 13:44:24.468689 UTC,1373,d3bcbc85365e53639fa1859e0928e8483d1a77d15631e8781423e56682ed84fe,relocated/copied this turn; content authored in an earlier turn
9,envcheck/session1/portscan.py,2026-09-04 13:44:24.468689 UTC,2026-09-04 19:14:24.468689 IST,468689453,1788529464.468688965,statx birth time via coreutils stat,2026-09-04 13:44:24.468689 UTC,1301,1a2708b214a55e3a68dd8946e90770087f202852e02fda3df6994f5f1b120b30,relocated/copied this turn; content authored in an earlier turn
10,envcheck/session1/tcp_bench.py,2026-09-04 13:44:24.468689 UTC,2026-09-04 19:14:24.468689 IST,468689453,1788529464.468688965,statx birth time via coreutils stat,2026-09-04 13:44:24.468689 UTC,2100,3455f40e54d3446852bef82a41576890e7b02eca91b0de3db16d2d91db8d51e1,relocated/copied this turn; content authored in an earlier turn
11,environment_characterization.md,2026-09-04 13:44:24.468689 UTC,2026-09-04 19:14:24.468689 IST,468689453,1788529464.468688965,statx birth time via coreutils stat,2026-09-04 14:38:37.245771 UTC,89786,3562daa51c26cc59dd29d9e657121729498a5b2007ea874b0f2c095755f6a033,authored in an earlier turn (birth = workspace-restore instant)
12,envcheck/probe.sh,2026-09-04 13:47:52.616689 UTC,2026-09-04 19:17:52.616689 IST,616689453,1788529672.616688967,statx birth time via coreutils stat,2026-09-04 14:19:51.828689 UTC,59897,4b424ca24b2733e5790dbdfcc403b674eb412b899eaaf7026ac598f3bfc588c5,authored this turn
13,envcheck/probe_background.sh,2026-09-04 13:48:08.912689 UTC,2026-09-04 19:18:08.912689 IST,912689453,1788529688.912688971,statx birth time via coreutils stat,2026-09-04 13:48:08.912689 UTC,1720,b7343e10dd7363b1503d726d03bc4fa62cf5f05ccab46cf767d22fc0601d9bb5,authored this turn
14,envcheck/diff_run.sh,2026-09-04 13:48:21.428689 UTC,2026-09-04 19:18:21.428689 IST,428689453,1788529701.428689003,statx birth time via coreutils stat,2026-09-04 14:16:31.808689 UTC,3796,a1a473a9e24a6b1d6d44f0cd05b527b5715abea1d0c8272104a4c0f89f9896e3,authored this turn
15,envcheck/normalize.py,2026-09-04 13:48:42.804689 UTC,2026-09-04 19:18:42.804689 IST,804689453,1788529722.804688931,statx birth time via coreutils stat,2026-09-04 14:18:23.388690 UTC,6130,0a8e1d48ee819941fbf87df5a56f25c8a01c6baacfa2522594a774fb143ed629,authored this turn
16,envcheck/legacy_raw/cpu.txt,2026-09-04 13:54:28.500689 UTC,2026-09-04 19:24:28.500689 IST,500689453,1788530068.500689030,statx birth time via coreutils stat,2026-09-04 13:54:28.500690 UTC,1041,59f268ee33bfe2de14b440a3308d357585d54b8acaa121d09f356b48544d084e,relocated/copied this turn; content authored in an earlier turn
17,envcheck/legacy_raw/cpu2.txt,2026-09-04 13:54:28.500689 UTC,2026-09-04 19:24:28.500689 IST,500689453,1788530068.500689030,statx birth time via coreutils stat,2026-09-04 13:54:28.500690 UTC,1181,fb4420c9e67adc2874fcc5ddd771aceac455306561416f44b81e4063d40ed6dd,relocated/copied this turn; content authored in an earlier turn
18,envcheck/legacy_raw/disk.txt,2026-09-04 13:54:28.500689 UTC,2026-09-04 19:24:28.500689 IST,500689453,1788530068.500689030,statx birth time via coreutils stat,2026-09-04 13:54:28.500690 UTC,1530,76bd57c6ebe9cea3b7ee877b078385ed008ef7050ecf18bf7f3295fe240b7b09,relocated/copied this turn; content authored in an earlier turn
19,envcheck/legacy_raw/dns.txt,2026-09-04 13:54:28.500689 UTC,2026-09-04 19:24:28.500689 IST,500689453,1788530068.500689030,statx birth time via coreutils stat,2026-09-04 13:54:28.500690 UTC,1314,3d09be9aa78ab9980008d3c322e549cf996517c42f51e3d8850e94abbf605394,relocated/copied this turn; content authored in an earlier turn
20,envcheck/legacy_raw/net_workload.txt,2026-09-04 13:54:28.500689 UTC,2026-09-04 19:24:28.500689 IST,500689453,1788530068.500689030,statx birth time via coreutils stat,2026-09-04 13:54:28.500690 UTC,475,31dc52449fa0df63e7e86d6fe4c68dd860bb97ac537ab1d24c7e42d90c9451a7,relocated/copied this turn; content authored in an earlier turn
21,envcheck/legacy_raw/ports.txt,2026-09-04 13:54:28.500689 UTC,2026-09-04 19:24:28.500689 IST,500689453,1788530068.500689030,statx birth time via coreutils stat,2026-09-04 13:54:28.500690 UTC,2481,53d3c031d9c9178a971367596bda20638be27c5e651a3ad605b36716083ef075,relocated/copied this turn; content authored in an earlier turn
22,envcheck/legacy_raw/scale.txt,2026-09-04 13:54:28.500689 UTC,2026-09-04 19:24:28.500689 IST,500689453,1788530068.500689030,statx birth time via coreutils stat,2026-09-04 13:54:28.500690 UTC,465,ccc2835b4c8ca7cfcada82cc0c6fb5e50444f0ed7635ed5be80715a0665e6665,relocated/copied this turn; content authored in an earlier turn
23,envcheck/legacy_raw/tcp.txt,2026-09-04 13:54:28.500689 UTC,2026-09-04 19:24:28.500689 IST,500689453,1788530068.500689030,statx birth time via coreutils stat,2026-09-04 13:54:28.500690 UTC,1998,98968ab0defee862ce9f93b2a004914751512d48437d48c866199bacc9348977,relocated/copied this turn; content authored in an earlier turn
24,envcheck/legacy_raw/throughput.txt,2026-09-04 13:54:28.500689 UTC,2026-09-04 19:24:28.500689 IST,500689453,1788530068.500689030,statx birth time via coreutils stat,2026-09-04 13:54:28.500690 UTC,2718,e9a4506b8212b820d8f94820eca739193f96606ee3bbb430749020f96c1cad00,relocated/copied this turn; content authored in an earlier turn
25,envcheck/legacy_raw/tools.txt,2026-09-04 13:54:28.500689 UTC,2026-09-04 19:24:28.500689 IST,500689453,1788530068.500689030,statx birth time via coreutils stat,2026-09-04 13:54:28.500690 UTC,3299,a3cce2a2c5e97f00ad5c9c2ef8730df37949da6867fc7ede6fa77fdf04022967,relocated/copied this turn; content authored in an earlier turn
26,envcheck/.probe_log,2026-09-04 13:54:29.860689 UTC,2026-09-04 19:24:29.860689 IST,860689453,1788530069.860688925,statx birth time via coreutils stat,2026-09-04 14:12:57.664690 UTC,403,3ea5961aa4fc0fc10c2c99b23d68cfac0144a17fdaea2377efd10ba0aa49584f,authored this turn
27,envcheck/.probe_status,2026-09-04 13:54:29.860689 UTC,2026-09-04 19:24:29.860689 IST,860689453,1788530069.860688925,statx birth time via coreutils stat,2026-09-04 14:12:57.668689 UTC,60,4d6238caec5e434afcc71c176057621bfee9e68c81946ad38697f512411bd315,authored this turn
28,envcheck/raw/00_meta.txt,2026-09-04 13:54:29.884689 UTC,2026-09-04 19:24:29.884689 IST,884689453,1788530069.884689093,statx birth time via coreutils stat,2026-09-04 14:24:17.948689 UTC,1520,bac85898ec2098937f8e3cfea178e73068afdaf685f00c1bc51400bcac500597,authored this turn
29,envcheck/raw/01_runtime.txt,2026-09-04 13:54:29.920689 UTC,2026-09-04 19:24:29.920689 IST,920689453,1788530069.920689106,statx birth time via coreutils stat,2026-09-04 14:20:12.472689 UTC,5990,1d0169fdf91c5165233b06d0829ebc60f255c5ebe547ec5ad7faf96659fabdb5,authored this turn
30,envcheck/raw/02_isolation.txt,2026-09-04 13:54:30.036689 UTC,2026-09-04 19:24:30.036689 IST,036689453,1788530070.036689043,statx birth time via coreutils stat,2026-09-04 14:20:12.624689 UTC,9956,a654f3034a927ea58a6dcd8283b5be62e8e510450ad1c23987a82bb0b43a12b9,authored this turn
31,envcheck/raw/03_limits.txt,2026-09-04 13:54:30.196689 UTC,2026-09-04 19:24:30.196689 IST,196689453,1788530070.196688890,statx birth time via coreutils stat,2026-09-04 14:20:12.672689 UTC,3027,44ae85442ad3c0e9a0739cb636e89b2cd901c14441611fa0cfdd4d731361f4fc,authored this turn
32,envcheck/raw/04_users.txt,2026-09-04 13:54:30.248689 UTC,2026-09-04 19:24:30.248689 IST,248689453,1788530070.248688936,statx birth time via coreutils stat,2026-09-04 14:20:12.764689 UTC,2254,0ffeb5913a1a72356e1cbc3c07a7eab2f7076fd41050dddd069bd3a77923cbe8,authored this turn
33,envcheck/raw/05_tools.txt,2026-09-04 13:54:30.340689 UTC,2026-09-04 19:24:30.340689 IST,340689453,1788530070.340688944,statx birth time via coreutils stat,2026-09-04 14:20:14.324689 UTC,8790,617438cc75eec6166f397e0293984b1bdd28afa7a48848b3fbc9fa71dd2fb73d,authored this turn
34,envcheck/raw/06_pkg_and_compile.txt,2026-09-04 13:54:31.416689 UTC,2026-09-04 19:24:31.416689 IST,416689453,1788530071.416688919,statx birth time via coreutils stat,2026-09-04 14:20:19.536690 UTC,5093,c053f688e4f4b073594e118ccbce9799401233584f9d6a6de62df92bf95a698f,authored this turn
35,envcheck/raw/06b_pip_freeze_sorted.txt,2026-09-04 13:54:32.568689 UTC,2026-09-04 19:24:32.568689 IST,568689453,1788530072.568689108,statx birth time via coreutils stat,2026-09-04 14:20:15.512689 UTC,3199,b0c24c82f6067fcb8a1286b52712f9137c9fdc8f6fb9507b0f0a101f4cb976e5,authored this turn
36,envcheck/raw/07_filesystem.txt,2026-09-04 13:54:36.532689 UTC,2026-09-04 19:24:36.532689 IST,532689453,1788530076.532689095,statx birth time via coreutils stat,2026-09-04 14:20:19.968689 UTC,7294,67f28153310d5a4c744dab11c0b1b07a4207229cbe89cdc7c2bd69c6c3d61420,authored this turn
37,envcheck/raw/08_persistence.txt,2026-09-04 13:54:36.988689 UTC,2026-09-04 19:24:36.988689 IST,988689453,1788530076.988688946,statx birth time via coreutils stat,2026-09-04 14:20:20.024689 UTC,2870,1faaeff285322e00d8981ec2c7867d142a94b41c3f62d1b28b8cf7c00542e682,authored this turn
38,envcheck/raw/.persist/writer.txt,2026-09-04 13:54:37.000689 UTC,2026-09-04 19:24:37.000689 IST,000689453,1788530077.000689030,statx birth time via coreutils stat,2026-09-04 14:20:19.984689 UTC,34,876a73cd843a7cd9f3218a54d8f272fa038f7683a408613f21f0a82ee2ecc744,authored this turn
39,envcheck/raw/09_net_matrix.txt,2026-09-04 13:54:37.040689 UTC,2026-09-04 19:24:37.040689 IST,040689453,1788530077.040688992,statx birth time via coreutils stat,2026-09-04 14:22:53.948689 UTC,9413,a3d749bfb7c49d9a5dd18e22c7d8da7e7032f714644d66ba701f7d00ce9789e2,authored this turn
40,envcheck/README.md,2026-09-04 13:55:35.976689 UTC,2026-09-04 19:25:35.976689 IST,976689453,1788530135.976689100,statx birth time via coreutils stat,2026-09-04 14:26:13.724689 UTC,8139,fb9811487165fa2dc8c8e3f37420bbb25acf3759acaf946c504230f485f3dd2c,authored this turn
41,envcheck/raw/10_net_dns.txt,2026-09-04 13:57:10.988689 UTC,2026-09-04 19:27:10.988689 IST,988689453,1788530230.988688946,statx birth time via coreutils stat,2026-09-04 14:22:54.256690 UTC,2749,8e6319abbd307bffdf196d8915be68947132512df445239e15c8fa089360f8cd,authored this turn
42,envcheck/raw/11_net_latency.txt,2026-09-04 13:57:11.392689 UTC,2026-09-04 19:27:11.392689 IST,392689453,1788530231.392688990,statx birth time via coreutils stat,2026-09-04 14:22:54.964689 UTC,2433,f3d3251722855522065ab862b20849b5a2f99dd2a64e77daaf2866f1fa62331c,authored this turn
43,envcheck/raw/12_net_throughput.txt,2026-09-04 13:57:12.080689 UTC,2026-09-04 19:27:12.080689 IST,080689453,1788530232.080688953,statx birth time via coreutils stat,2026-09-04 14:23:16.956689 UTC,3103,929c208ea1111cb39e064292aaac550b4d4288c6222beed12a01ea582131994f,authored this turn
44,envcheck/raw/13_net_egress_proof.txt,2026-09-04 13:57:33.452689 UTC,2026-09-04 19:27:33.452689 IST,452689453,1788530253.452688932,statx birth time via coreutils stat,2026-09-04 14:23:43.024689 UTC,1932,485d344d6087ddb3bffe509fb7d328070221f0311ac89c5407a3d584a56c6fa1,authored this turn
45,envcheck/raw/14_bench_cpu.txt,2026-09-04 13:57:59.548689 UTC,2026-09-04 19:27:59.548689 IST,548689453,1788530279.548688889,statx birth time via coreutils stat,2026-09-04 14:23:57.964689 UTC,2245,42b632d7d6a0f3532142a0e20ba921e8b7e3d7fd75b9e30377ba320e4a4df0a7,authored this turn
46,envcheck/raw/15_bench_disk.txt,2026-09-04 13:58:15.860689 UTC,2026-09-04 19:28:15.860689 IST,860689453,1788530295.860688925,statx birth time via coreutils stat,2026-09-04 14:24:00.464689 UTC,3708,b2355350d4d1e8d1423c4e1377f692c17e1a61b2aa33163dbc8e7b61725659be,authored this turn
47,envcheck/raw/16_bench_installs.txt,2026-09-04 13:58:18.332689 UTC,2026-09-04 19:28:18.332689 IST,332689453,1788530298.332689047,statx birth time via coreutils stat,2026-09-04 14:24:15.292690 UTC,2412,fc316575bfc6f9d68b12edb25fb62bc29a9da8c32e7734166fcc79fd42955cf5,authored this turn
48,envcheck/raw/17_mem_pressure.txt,2026-09-04 13:58:32.800689 UTC,2026-09-04 19:28:32.800689 IST,800689453,1788530312.800688982,statx birth time via coreutils stat,2026-09-04 14:24:16.384690 UTC,2840,f1b8a7ba178f567abc43f467e1998597c3d3320a9d2dc6bafde6db43e2a560de,authored this turn
49,envcheck/raw/18_background.txt,2026-09-04 13:58:32.860689 UTC,2026-09-04 19:28:32.860689 IST,860689453,1788530312.860688925,statx birth time via coreutils stat,2026-09-04 14:24:17.656689 UTC,2091,f79b123b34d4acc4f7a016b1856580942450b5cb6a6cc25d1b14ef90f8def3dc,authored this turn
50,envcheck/raw/.bg_ticks,2026-09-04 13:58:32.868689 UTC,2026-09-04 19:28:32.868689 IST,868689453,1788530312.868689060,statx birth time via coreutils stat,2026-09-04 14:24:35.468689 UTC,180,b9e8d4fb1e1c4d072cf64fcf942353cf765059f3d0bd187eb372ef9b1b0833ee,authored this turn
51,envcheck/raw/.bg_pid,2026-09-04 13:58:33.888689 UTC,2026-09-04 19:28:33.888689 IST,888689453,1788530313.888689041,statx birth time via coreutils stat,2026-09-04 14:24:17.412689 UTC,17,5b92bfba4e64f0cbde9b49c67829ecadda7735a6f83fa576b6eb28635ea22d67,authored this turn
52,envcheck/raw/.bg_ticks.setsid,2026-09-04 13:58:33.892689 UTC,2026-09-04 19:28:33.892689 IST,892689453,1788530313.892688990,statx birth time via coreutils stat,2026-09-04 14:24:36.472689 UTC,900,fa919e9bb2d524a229606fb61bd6fdba0fad4e3ad7196965ccc2756d368fce01,authored this turn
53,envcheck/raw/19_services.txt,2026-09-04 13:58:34.136689 UTC,2026-09-04 19:28:34.136689 IST,136689453,1788530314.136688948,statx birth time via coreutils stat,2026-09-04 14:24:17.896689 UTC,8270,5e0bddc85fc9e628eec73d6314e241c6f51c57bf8894d5eed7c2dfc70b993140,authored this turn
54,envcheck/raw/20_accelerators.txt,2026-09-04 13:58:34.364689 UTC,2026-09-04 19:28:34.364689 IST,364689453,1788530314.364689112,statx birth time via coreutils stat,2026-09-04 14:24:17.944690 UTC,1797,e30e4dabfb71d15aa748cc4bd4afdf59dc2aa4e9f503e5ac8603bf54b25a717c,authored this turn
55,envcheck/raw/normalized/00_meta.norm,2026-09-04 13:58:34.424689 UTC,2026-09-04 19:28:34.424689 IST,424689453,1788530314.424689054,statx birth time via coreutils stat,2026-09-04 14:24:17.976689 UTC,1174,3ff0b57fc417791a89921b39fa29ab24493f251f1a5c184d980bc5a682dc9927,authored this turn
56,envcheck/raw/normalized/01_runtime.norm,2026-09-04 13:58:34.428689 UTC,2026-09-04 19:28:34.428689 IST,428689453,1788530314.428689003,statx birth time via coreutils stat,2026-09-04 14:24:17.984689 UTC,5167,a446ad3b807184ce115a4ba56cec0b86e9f9e231dc9a2e784535ee99fdde6901,authored this turn
57,envcheck/raw/normalized/02_isolation.norm,2026-09-04 13:58:34.432689 UTC,2026-09-04 19:28:34.432689 IST,432689453,1788530314.432688951,statx birth time via coreutils stat,2026-09-04 14:24:17.996690 UTC,7759,7d7849f098fa69648e1055d6e30676b856e09a8b28392e67b34bd30aac68b360,authored this turn
58,envcheck/raw/normalized/03_limits.norm,2026-09-04 13:58:34.436689 UTC,2026-09-04 19:28:34.436689 IST,436689453,1788530314.436688900,statx birth time via coreutils stat,2026-09-04 14:24:17.996690 UTC,2512,395758c58466bcc265c6f60d7f5c56f06ef6ac0f8f608cdcf48a0465d48b44e9,authored this turn
59,envcheck/raw/normalized/04_users.norm,2026-09-04 13:58:34.436689 UTC,2026-09-04 19:28:34.436689 IST,436689453,1788530314.436688900,statx birth time via coreutils stat,2026-09-04 14:24:18.000690 UTC,2119,1f8b767c1fc36ff6e057940ba0380ee69aef381f5960c2e026ed9d8f1a134263,authored this turn
60,envcheck/raw/normalized/05_tools.norm,2026-09-04 13:58:34.440689 UTC,2026-09-04 19:28:34.440689 IST,440689453,1788530314.440689087,statx birth time via coreutils stat,2026-09-04 14:24:18.008689 UTC,5097,44eb1d6f00250fb25641b749a3dd1858d1af2f4b4b8966cedcd4ac20bb7cc8ed,authored this turn
61,envcheck/raw/normalized/06_pkg_and_compile.norm,2026-09-04 13:58:34.444689 UTC,2026-09-04 19:28:34.444689 IST,444689453,1788530314.444689035,statx birth time via coreutils stat,2026-09-04 14:24:18.016690 UTC,4722,f996e79734c2263b272d496ee1dc18110cc936497e577cd5fedf15996f9064e3,authored this turn
62,envcheck/raw/normalized/06b_pip_freeze_sorted.norm,2026-09-04 13:58:34.448689 UTC,2026-09-04 19:28:34.448689 IST,448689453,1788530314.448688984,statx birth time via coreutils stat,2026-09-04 14:24:18.024689 UTC,3098,ba25655aea967e2bd3220a722a09eb7301a217b36a4e37bf6fe08a3b900ae3b9,authored this turn
63,envcheck/raw/normalized/07_filesystem.norm,2026-09-04 13:58:34.448689 UTC,2026-09-04 19:28:34.448689 IST,448689453,1788530314.448688984,statx birth time via coreutils stat,2026-09-04 14:24:18.028689 UTC,5389,8bc08b5210ef4d132d302531dda6c68a78f930b8451e4c3db3c8125640bdf9c2,authored this turn
64,envcheck/raw/normalized/08_persistence.norm,2026-09-04 13:58:34.452689 UTC,2026-09-04 19:28:34.452689 IST,452689453,1788530314.452688932,statx birth time via coreutils stat,2026-09-04 14:24:18.032690 UTC,2465,fac544ae2408af915fc9b1aabad2b82576980e61f7da43caf706c60e80b27fe4,authored this turn
65,envcheck/raw/normalized/09_net_matrix.norm,2026-09-04 13:58:34.456689 UTC,2026-09-04 19:28:34.456689 IST,456689453,1788530314.456688881,statx birth time via coreutils stat,2026-09-04 14:24:18.040689 UTC,7467,17a4bb65d6cf3f849cad8f375370ddd60dba744a5906c72e7cb926e0dd534f6b,authored this turn
66,envcheck/raw/normalized/10_net_dns.norm,2026-09-04 13:58:34.460689 UTC,2026-09-04 19:28:34.460689 IST,460689453,1788530314.460689068,statx birth time via coreutils stat,2026-09-04 14:24:18.044689 UTC,1557,ab1bf4ef3994b67d7b8dffa2e10be6de1d0a2d14851139205bd7211cb209f6eb,authored this turn
67,envcheck/raw/normalized/11_net_latency.norm,2026-09-04 13:58:34.460689 UTC,2026-09-04 19:28:34.460689 IST,460689453,1788530314.460689068,statx birth time via coreutils stat,2026-09-04 14:24:18.048689 UTC,1672,c4e848d40ae6773936bf5f78d07d9a21ba8c2496423696953207a3919ba60e0f,authored this turn
68,envcheck/raw/normalized/12_net_throughput.norm,2026-09-04 13:58:34.460689 UTC,2026-09-04 19:28:34.460689 IST,460689453,1788530314.460689068,statx birth time via coreutils stat,2026-09-04 14:24:18.052690 UTC,2557,52ec9c14f81a761e4f420b6e89b379bcb3722c23418f7a248f9e6f858fd8bf2d,authored this turn
69,envcheck/raw/normalized/13_net_egress_proof.norm,2026-09-04 13:58:34.464689 UTC,2026-09-04 19:28:34.464689 IST,464689453,1788530314.464689016,statx birth time via coreutils stat,2026-09-04 14:24:18.052690 UTC,1326,10216f7750e956539d3e8865cd642c659e8feedced5f97bcf46ff10e95d77c41,authored this turn
70,envcheck/raw/normalized/14_bench_cpu.norm,2026-09-04 13:58:34.464689 UTC,2026-09-04 19:28:34.464689 IST,464689453,1788530314.464689016,statx birth time via coreutils stat,2026-09-04 14:24:18.056690 UTC,1440,511470b7c80e9d006b2f2a9c212c5d273c337e4f33728634b8aafa970eb7b99a,authored this turn
71,envcheck/raw/normalized/15_bench_disk.norm,2026-09-04 13:58:34.464689 UTC,2026-09-04 19:28:34.464689 IST,464689453,1788530314.464689016,statx birth time via coreutils stat,2026-09-04 14:24:18.060689 UTC,2928,a7a83945c68dead18fc7bdfdc89723b48f59cbed76519b91c18002a979900195,authored this turn
72,envcheck/raw/normalized/16_bench_installs.norm,2026-09-04 13:58:34.468689 UTC,2026-09-04 19:28:34.468689 IST,468689453,1788530314.468688965,statx birth time via coreutils stat,2026-09-04 14:24:18.060689 UTC,2048,dcf3c907be5d1f471b7d6878f65d063d1cfcb1379d5d01507ecea9ed52c90d23,authored this turn
73,envcheck/raw/normalized/17_mem_pressure.norm,2026-09-04 13:58:34.468689 UTC,2026-09-04 19:28:34.468689 IST,468689453,1788530314.468688965,statx birth time via coreutils stat,2026-09-04 14:24:18.064689 UTC,2403,ca28b53721d7297bc55ac64bd3ab3ba48ec2c50b5f8415f4996a3e8662aac51e,authored this turn
74,envcheck/raw/normalized/18_background.norm,2026-09-04 13:58:34.468689 UTC,2026-09-04 19:28:34.468689 IST,468689453,1788530314.468688965,statx birth time via coreutils stat,2026-09-04 14:24:18.068689 UTC,1933,b0f4fe85cad818cb2941f204d08184371b9be17ca6396807b779ec2a1326be48,authored this turn
75,envcheck/raw/normalized/19_services.norm,2026-09-04 13:58:34.472689 UTC,2026-09-04 19:28:34.472689 IST,472689453,1788530314.472688913,statx birth time via coreutils stat,2026-09-04 14:24:18.084689 UTC,6704,e886c75eae3f658e9914a1cb8f768a2de5597d676b0e3edec58df8b6ab4264cf,authored this turn
76,envcheck/raw/normalized/20_accelerators.norm,2026-09-04 13:58:34.472689 UTC,2026-09-04 19:28:34.472689 IST,472689453,1788530314.472688913,statx birth time via coreutils stat,2026-09-04 14:24:18.084689 UTC,1639,cac1c0655ffc0eb727309fac82241fdd03518db7404309b34c9559cdc3600547,authored this turn
77,envcheck/raw/MANIFEST.txt,2026-09-04 13:58:34.508689 UTC,2026-09-04 19:28:34.508689 IST,508689453,1788530314.508688927,statx birth time via coreutils stat,2026-09-04 14:27:21.780689 UTC,6107,98048e60d9ccef01146ceea76f937154061bce99e6ec956553398c2f6efcbb7b,authored this turn
78,envcheck/raw/manifest.json,2026-09-04 13:58:34.508689 UTC,2026-09-04 19:28:34.508689 IST,508689453,1788530314.508688927,statx birth time via coreutils stat,2026-09-04 14:27:21.780689 UTC,8083,a440f84f3746b3b9d75ef3833709c7afe55e75e07b1dae39a640b76e89e6b8ce,authored this turn
79,envcheck/raw/.run_id,2026-09-04 13:58:34.512689 UTC,2026-09-04 19:28:34.512689 IST,512689453,1788530314.512689114,statx birth time via coreutils stat,2026-09-04 14:24:17.944690 UTC,23,d28dfebfd61097f57e4f31c02d1914562d7170e297545275a728ccb325df64c2,authored this turn
80,envcheck/session1/README.md,2026-09-04 13:59:19.356689 UTC,2026-09-04 19:29:19.356689 IST,356689453,1788530359.356688976,statx birth time via coreutils stat,2026-09-04 13:59:26.444690 UTC,1958,941eff2e9bb0232df4a8f6f5ccd002bd47071ae07a78c6697642574f9e14bd5a,relocated/copied this turn; content authored in an earlier turn
81,envcheck/raw/normalized/MANIFEST.norm,2026-09-04 14:03:20.812689 UTC,2026-09-04 19:33:20.812689 IST,812689453,1788530600.812689066,statx birth time via coreutils stat,2026-09-04 14:24:18.096689 UTC,3267,5fe44c4df392deaf7d42723214cdaccb445e7c02bdcdb602c7acdc5ae48d813b,authored this turn
82,envcheck/make_manifest.py,2026-09-04 14:04:06.132689 UTC,2026-09-04 19:34:06.132689 IST,132689453,1788530646.132688999,statx birth time via coreutils stat,2026-09-04 14:27:21.744689 UTC,7916,227b4b25c3aac3fe946ba947056af233f2ad8b5ac7608d45e88291f54f6e65a7,authored this turn
83,envcheck/raw/SHA256SUMS.txt,2026-09-04 14:04:13.876689 UTC,2026-09-04 19:34:13.876689 IST,876689453,1788530653.876688957,statx birth time via coreutils stat,2026-09-04 14:27:21.780689 UTC,1851,d191e8e0ec7753ccdb11bca48383a41a7c2d56deb88a148b8d177937d3b60028,authored this turn
84,envcheck/raw/SHA256SUMS.normalized.txt,2026-09-04 14:04:37.064689 UTC,2026-09-04 19:34:37.064689 IST,064689453,1788530677.064688921,statx birth time via coreutils stat,2026-09-04 14:27:21.780689 UTC,2115,3d1a569e0d46b7aaffce20605a32b95a84492a6060bfc611f13b965c954e9c01,authored this turn
85,envcheck/raw/normalized/SHA256SUMS.normalized.norm,2026-09-04 14:09:05.340689 UTC,2026-09-04 19:39:05.340689 IST,340689453,1788530945.340688944,statx birth time via coreutils stat,2026-09-04 14:24:18.096689 UTC,795,b2a99fd787994fa7d42760ef4c2c97225a6f4b66fe7529dd53dba5f121a52a49,authored this turn
86,envcheck/raw/normalized/SHA256SUMS.norm,2026-09-04 14:09:05.344689 UTC,2026-09-04 19:39:05.344689 IST,344689453,1788530945.344688892,statx birth time via coreutils stat,2026-09-04 14:24:18.100689 UTC,531,5abd356ceee61399fc08fc6e16af2743457001a59bfc0634b393216b601b60f2,authored this turn
87,envcheck/.probe_manifest.log,2026-09-04 14:09:05.348689 UTC,2026-09-04 19:39:05.348689 IST,348689453,1788530945.348689079,statx birth time via coreutils stat,2026-09-04 14:09:05.388690 UTC,166,a5fb92bc8ad22dbad50af206d8fab746773d0546d764245d080f8cbe317eca1e,authored this turn
88,envcheck/.v3_log,2026-09-04 14:20:12.288689 UTC,2026-09-04 19:50:12.288689 IST,288689453,1788531612.288688898,statx birth time via coreutils stat,2026-09-04 14:24:18.160689 UTC,389,2978a8c5ee6399fac01dd385653c8d89fcd48350c9b0f8edfb35dea7d66e3b5f,authored this turn
89,envcheck/.v3_status,2026-09-04 14:20:12.288689 UTC,2026-09-04 19:50:12.288689 IST,288689453,1788531612.288688898,statx birth time via coreutils stat,2026-09-04 14:24:18.196689 UTC,60,491e72a6cba4e4aa526487ce1d4ed18d131dcfff5def08f1afe0a8924cdd8d2f,authored this turn
90,envcheck/run_v2/.bg_pid,2026-09-04 14:25:44.340689 UTC,2026-09-04 19:55:44.340689 IST,340689453,1788531944.340688944,statx birth time via coreutils stat,2026-09-04 14:25:44.340689 UTC,17,daa4d0d8728434340374fc00701d07c73204df3e981dd220e19569bfb25f5034,relocated/copied this turn; content authored in an earlier turn
91,envcheck/run_v2/.bg_ticks,2026-09-04 14:25:44.340689 UTC,2026-09-04 19:55:44.340689 IST,340689453,1788531944.340688944,statx birth time via coreutils stat,2026-09-04 14:25:44.340689 UTC,180,af6dd13a778fcfacfa811215fd11b69c1339644a094a91a169541c128c2218e2,relocated/copied this turn; content authored in an earlier turn
92,envcheck/run_v2/.bg_ticks.setsid,2026-09-04 14:25:44.340689 UTC,2026-09-04 19:55:44.340689 IST,340689453,1788531944.340688944,statx birth time via coreutils stat,2026-09-04 14:25:44.340689 UTC,720,75351cfd8d567df7cec5ed5ef65f3723a91f04fc0406cfd851e9c8d7465c17f3,relocated/copied this turn; content authored in an earlier turn
93,envcheck/run_v2/.persist/writer.txt,2026-09-04 14:25:44.340689 UTC,2026-09-04 19:55:44.340689 IST,340689453,1788531944.340688944,statx birth time via coreutils stat,2026-09-04 14:25:44.340689 UTC,34,e621884d2f41d021f1e4aaf239516e9466b892387978ef29705a81a50d7b3d6c,relocated/copied this turn; content authored in an earlier turn
94,envcheck/run_v2/00_meta.txt,2026-09-04 14:25:44.340689 UTC,2026-09-04 19:55:44.340689 IST,340689453,1788531944.340688944,statx birth time via coreutils stat,2026-09-04 14:25:44.340689 UTC,1704,dc51e23384c59896671df5a9643f55fd71bbd7213faa8a6fd6ace308c19f7d64,relocated/copied this turn; content authored in an earlier turn
95,envcheck/run_v2/01_runtime.txt,2026-09-04 14:25:44.340689 UTC,2026-09-04 19:55:44.340689 IST,340689453,1788531944.340688944,statx birth time via coreutils stat,2026-09-04 14:25:44.340689 UTC,5990,a18a164fd854e08b56cf27f4a21e0d0ed00a4bfd907109ddfa8108f16089c73a,relocated/copied this turn; content authored in an earlier turn
96,envcheck/run_v2/02_isolation.txt,2026-09-04 14:25:44.340689 UTC,2026-09-04 19:55:44.340689 IST,340689453,1788531944.340688944,statx birth time via coreutils stat,2026-09-04 14:25:44.340689 UTC,9948,8f4f700cd74973cd09db6d50ef06a1d27e5eb4fe014ac3fa2ac08da295476f9f,relocated/copied this turn; content authored in an earlier turn
97,envcheck/run_v2/03_limits.txt,2026-09-04 14:25:44.340689 UTC,2026-09-04 19:55:44.340689 IST,340689453,1788531944.340688944,statx birth time via coreutils stat,2026-09-04 14:25:44.340689 UTC,3027,24438cac4ea6c2dc4073587de1c1fd38b8b6daad992a5e7024673d5e29efc7b9,relocated/copied this turn; content authored in an earlier turn
98,envcheck/run_v2/04_users.txt,2026-09-04 14:25:44.340689 UTC,2026-09-04 19:55:44.340689 IST,340689453,1788531944.340688944,statx birth time via coreutils stat,2026-09-04 14:25:44.340689 UTC,2254,73f4238eedd5c6544ca72ab1c2164646b592395e8e5a18114f7ae64ce4f06681,relocated/copied this turn; content authored in an earlier turn
99,envcheck/run_v2/05_tools.txt,2026-09-04 14:25:44.340689 UTC,2026-09-04 19:55:44.340689 IST,340689453,1788531944.340688944,statx birth time via coreutils stat,2026-09-04 14:25:44.340689 UTC,8790,bd2a8706aab57fe12455eaecd98442bbf07f1c61f39c5a5c9b2ef782b50a7a52,relocated/copied this turn; content authored in an earlier turn
100,envcheck/run_v2/06_pkg_and_compile.txt,2026-09-04 14:25:44.340689 UTC,2026-09-04 19:55:44.340689 IST,340689453,1788531944.340688944,statx birth time via coreutils stat,2026-09-04 14:25:44.340689 UTC,5093,eb4f401ff563e514f9fb1924fe37a636d5b096b708a6d8368ec4c8a50f386b79,relocated/copied this turn; content authored in an earlier turn
101,envcheck/run_v2/06b_pip_freeze_sorted.txt,2026-09-04 14:25:44.340689 UTC,2026-09-04 19:55:44.340689 IST,340689453,1788531944.340688944,statx birth time via coreutils stat,2026-09-04 14:25:44.340689 UTC,3199,b0c24c82f6067fcb8a1286b52712f9137c9fdc8f6fb9507b0f0a101f4cb976e5,relocated/copied this turn; content authored in an earlier turn
102,envcheck/run_v2/07_filesystem.txt,2026-09-04 14:25:44.340689 UTC,2026-09-04 19:55:44.340689 IST,340689453,1788531944.340688944,statx birth time via coreutils stat,2026-09-04 14:25:44.340689 UTC,7294,bea75a9231685f7a29699f30aae93a25f9033353ffe207652081d2ea8fc87ccb,relocated/copied this turn; content authored in an earlier turn
103,envcheck/run_v2/08_persistence.txt,2026-09-04 14:25:44.340689 UTC,2026-09-04 19:55:44.340689 IST,340689453,1788531944.340688944,statx birth time via coreutils stat,2026-09-04 14:25:44.340689 UTC,2870,63163c7a33599745cc8e67de0b864687029c9a00ebaac7880d317f99452f9585,relocated/copied this turn; content authored in an earlier turn
104,envcheck/run_v2/09_net_matrix.txt,2026-09-04 14:25:44.340689 UTC,2026-09-04 19:55:44.340689 IST,340689453,1788531944.340688944,statx birth time via coreutils stat,2026-09-04 14:25:44.340689 UTC,9413,98cbb6913c03830ff9b8c3a881256933653fbadb33d14452d2ee861ea77c8de7,relocated/copied this turn; content authored in an earlier turn
105,envcheck/run_v2/10_net_dns.txt,2026-09-04 14:25:44.340689 UTC,2026-09-04 19:55:44.340689 IST,340689453,1788531944.340688944,statx birth time via coreutils stat,2026-09-04 14:25:44.340689 UTC,2749,ac7b9a2c546958a39a9092461e781c6b313ade78f5bd4bd0196b7aaf819b03ee,relocated/copied this turn; content authored in an earlier turn
106,envcheck/run_v2/11_net_latency.txt,2026-09-04 14:25:44.340689 UTC,2026-09-04 19:55:44.340689 IST,340689453,1788531944.340688944,statx birth time via coreutils stat,2026-09-04 14:25:44.340689 UTC,2433,a0d63f4318eb03debc8c215b94980407a8b886408966ed87226181aa563ec8de,relocated/copied this turn; content authored in an earlier turn
107,envcheck/run_v2/12_net_throughput.txt,2026-09-04 14:25:44.340689 UTC,2026-09-04 19:55:44.340689 IST,340689453,1788531944.340688944,statx birth time via coreutils stat,2026-09-04 14:25:44.340689 UTC,3098,2befdcf4066185eefad15ed23ec744e47c4e68b1845416d11a73406a959770be,relocated/copied this turn; content authored in an earlier turn
108,envcheck/run_v2/13_net_egress_proof.txt,2026-09-04 14:25:44.340689 UTC,2026-09-04 19:55:44.340689 IST,340689453,1788531944.340688944,statx birth time via coreutils stat,2026-09-04 14:25:44.340689 UTC,1932,6b679149c795f0c8de7de7b46fb12175933e03f928437f4b0cbab3712cc028ea,relocated/copied this turn; content authored in an earlier turn
109,envcheck/run_v2/14_bench_cpu.txt,2026-09-04 14:25:44.340689 UTC,2026-09-04 19:55:44.340689 IST,340689453,1788531944.340688944,statx birth time via coreutils stat,2026-09-04 14:25:44.340689 UTC,2245,20c77ed929413d0577136365ba991cac922ea7849af11b909561bc5ada59e030,relocated/copied this turn; content authored in an earlier turn
110,envcheck/run_v2/15_bench_disk.txt,2026-09-04 14:25:44.340689 UTC,2026-09-04 19:55:44.340689 IST,340689453,1788531944.340688944,statx birth time via coreutils stat,2026-09-04 14:25:44.340689 UTC,3708,5b98034ccac429cd56ae142ab96697156925daffece81bd719d68065bf4cd99c,relocated/copied this turn; content authored in an earlier turn
111,envcheck/run_v2/16_bench_installs.txt,2026-09-04 14:25:44.340689 UTC,2026-09-04 19:55:44.340689 IST,340689453,1788531944.340688944,statx birth time via coreutils stat,2026-09-04 14:25:44.340689 UTC,2505,3f90e8e5f367e82f428a2524a1e973559305bb8b6a0f128ff23dc3e3fa0fe5db,relocated/copied this turn; content authored in an earlier turn
112,envcheck/run_v2/17_mem_pressure.txt,2026-09-04 14:25:44.340689 UTC,2026-09-04 19:55:44.340689 IST,340689453,1788531944.340688944,statx birth time via coreutils stat,2026-09-04 14:25:44.340689 UTC,2838,4df400b7a2b91125dc2a823c25cf60b4a1298ab3db3caa27e4e8deb7f2211d25,relocated/copied this turn; content authored in an earlier turn
113,envcheck/run_v2/18_background.txt,2026-09-04 14:25:44.340689 UTC,2026-09-04 19:55:44.340689 IST,340689453,1788531944.340688944,statx birth time via coreutils stat,2026-09-04 14:25:44.340689 UTC,2091,1e20c0b43449f98001f222df8d6d6e604f39378166a2f131af38000a82f9eff0,relocated/copied this turn; content authored in an earlier turn
114,envcheck/run_v2/19_services.txt,2026-09-04 14:25:44.340689 UTC,2026-09-04 19:55:44.340689 IST,340689453,1788531944.340688944,statx birth time via coreutils stat,2026-09-04 14:25:44.340689 UTC,8270,8493e3435a76d753ee7ee522897d19476e7b8b0293e00e067f3f72e6c90e6cb2,relocated/copied this turn; content authored in an earlier turn
115,envcheck/run_v2/20_accelerators.txt,2026-09-04 14:25:44.340689 UTC,2026-09-04 19:55:44.340689 IST,340689453,1788531944.340688944,statx birth time via coreutils stat,2026-09-04 14:25:44.340689 UTC,1797,15598e7ce06301e5edad4f721e6fc10e39278758e63a3f08dbb9cb010334cedd,relocated/copied this turn; content authored in an earlier turn
116,envcheck/run_v2/normalized/00_meta.norm,2026-09-04 14:25:44.340689 UTC,2026-09-04 19:55:44.340689 IST,340689453,1788531944.340688944,statx birth time via coreutils stat,2026-09-04 14:25:44.340689 UTC,1499,1cffc6098e20158f022d1d3de063ff8a17a6067056dfe092da51e0ea49421567,relocated/copied this turn; content authored in an earlier turn
117,envcheck/run_v2/normalized/01_runtime.norm,2026-09-04 14:25:44.340689 UTC,2026-09-04 19:55:44.340689 IST,340689453,1788531944.340688944,statx birth time via coreutils stat,2026-09-04 14:25:44.340689 UTC,5812,e6dffc3f66015a5c908fdf0fea3695a2cc8af70715f8edb784d1839d1beb6b88,relocated/copied this turn; content authored in an earlier turn
118,envcheck/run_v2/normalized/02_isolation.norm,2026-09-04 14:25:44.340689 UTC,2026-09-04 19:55:44.340689 IST,340689453,1788531944.340688944,statx birth time via coreutils stat,2026-09-04 14:25:44.340689 UTC,9685,75fc469d3dc1c9d7f6eb6a948549977b254ff5f12c1b17b95c9b3b3960cb6f6f,relocated/copied this turn; content authored in an earlier turn
119,envcheck/run_v2/normalized/03_limits.norm,2026-09-04 14:25:44.340689 UTC,2026-09-04 19:55:44.340689 IST,340689453,1788531944.340688944,statx birth time via coreutils stat,2026-09-04 14:25:44.340689 UTC,2932,e9a6c3d22cff8d3c371e58ab153d689ba411f07c14ca046601038e4b928a6c46,relocated/copied this turn; content authored in an earlier turn
120,envcheck/run_v2/normalized/04_users.norm,2026-09-04 14:25:44.340689 UTC,2026-09-04 19:55:44.340689 IST,340689453,1788531944.340688944,statx birth time via coreutils stat,2026-09-04 14:25:44.340689 UTC,2139,54c661bd5d25c0fcc15103b6beed3d4e3a5747210efef7bd373eaf8e0d75cb13,relocated/copied this turn; content authored in an earlier turn
121,envcheck/run_v2/normalized/05_tools.norm,2026-09-04 14:25:44.340689 UTC,2026-09-04 19:55:44.340689 IST,340689453,1788531944.340688944,statx birth time via coreutils stat,2026-09-04 14:25:44.340689 UTC,8750,8aaa0e5da093c3190f5526193d9bf1e39e891883a278cd44cc4ca1672a38d56b,relocated/copied this turn; content authored in an earlier turn
122,envcheck/run_v2/normalized/06_pkg_and_compile.norm,2026-09-04 14:25:44.340689 UTC,2026-09-04 19:55:44.340689 IST,340689453,1788531944.340688944,statx birth time via coreutils stat,2026-09-04 14:25:44.340689 UTC,4967,b74c9dc18a7dc7c0117eaaee8242b740d3a747d3bc6069a4f0d13dc4bfb37c68,relocated/copied this turn; content authored in an earlier turn
123,envcheck/run_v2/normalized/06b_pip_freeze_sorted.norm,2026-09-04 14:25:44.340689 UTC,2026-09-04 19:55:44.340689 IST,340689453,1788531944.340688944,statx birth time via coreutils stat,2026-09-04 14:25:44.340689 UTC,3461,5bcff435ae3cdc4af7a9b0251385d2fc8954ee200faa3581cbe7a646b28fbaf3,relocated/copied this turn; content authored in an earlier turn
124,envcheck/run_v2/normalized/07_filesystem.norm,2026-09-04 14:25:44.340689 UTC,2026-09-04 19:55:44.340689 IST,340689453,1788531944.340688944,statx birth time via coreutils stat,2026-09-04 14:25:44.340689 UTC,7182,847178e95fed204a16d2d6ba5781abf7ed6bc3fd8db0d67e68a8d6d441aaba97,relocated/copied this turn; content authored in an earlier turn
125,envcheck/run_v2/normalized/08_persistence.norm,2026-09-04 14:25:44.340689 UTC,2026-09-04 19:55:44.340689 IST,340689453,1788531944.340688944,statx birth time via coreutils stat,2026-09-04 14:25:44.340689 UTC,2725,58c51ab2efa371220de3c2a173e8b35e078f30608055f0c451542fa4c35ee0de,relocated/copied this turn; content authored in an earlier turn
126,envcheck/run_v2/normalized/09_net_matrix.norm,2026-09-04 14:25:44.340689 UTC,2026-09-04 19:55:44.340689 IST,340689453,1788531944.340688944,statx birth time via coreutils stat,2026-09-04 14:25:44.340689 UTC,9350,4e2558ddac435a4e3405bc5fe5ad158a3ca2ff340dbbe89d564aa5defcb9cceb,relocated/copied this turn; content authored in an earlier turn
127,envcheck/run_v2/normalized/10_net_dns.norm,2026-09-04 14:25:44.340689 UTC,2026-09-04 19:55:44.340689 IST,340689453,1788531944.340688944,statx birth time via coreutils stat,2026-09-04 14:25:44.340689 UTC,2678,45cff97fd31dd4d22e14c2e020704790e4d60ed40166ebe0a49b8900651817f5,relocated/copied this turn; content authored in an earlier turn
128,envcheck/run_v2/normalized/11_net_latency.norm,2026-09-04 14:25:44.340689 UTC,2026-09-04 19:55:44.340689 IST,340689453,1788531944.340688944,statx birth time via coreutils stat,2026-09-04 14:25:44.340689 UTC,2335,a21c9074eacc8c202e679c3d21c31cf13ef51fda5fbc3fcc9640283e17ef5927,relocated/copied this turn; content authored in an earlier turn
129,envcheck/run_v2/normalized/12_net_throughput.norm,2026-09-04 14:25:44.340689 UTC,2026-09-04 19:55:44.340689 IST,340689453,1788531944.340688944,statx birth time via coreutils stat,2026-09-04 14:25:44.340689 UTC,2896,996f4178b454b688c5ba533334063d1571799699c4109f71100c2963e768796f,relocated/copied this turn; content authored in an earlier turn
130,envcheck/run_v2/normalized/13_net_egress_proof.norm,2026-09-04 14:25:44.340689 UTC,2026-09-04 19:55:44.340689 IST,340689453,1788531944.340688944,statx birth time via coreutils stat,2026-09-04 14:25:44.340689 UTC,1819,670147733dff6d47e2d2ac6aedd90de75578529ae62196d44b5e66ae9eca8340,relocated/copied this turn; content authored in an earlier turn
131,envcheck/run_v2/normalized/14_bench_cpu.norm,2026-09-04 14:25:44.340689 UTC,2026-09-04 19:55:44.340689 IST,340689453,1788531944.340688944,statx birth time via coreutils stat,2026-09-04 14:25:44.340689 UTC,2091,f6cb0d6f30417cd8f0fe5bd9eae649534be90ef97ae9338957c353c34aa6919c,relocated/copied this turn; content authored in an earlier turn
132,envcheck/run_v2/normalized/15_bench_disk.norm,2026-09-04 14:25:44.340689 UTC,2026-09-04 19:55:44.340689 IST,340689453,1788531944.340688944,statx birth time via coreutils stat,2026-09-04 14:25:44.340689 UTC,3418,c88bb0ae7c2f19c78420532d745e016c2e5df1671d616ae24cefbf4b3409d783,relocated/copied this turn; content authored in an earlier turn
133,envcheck/run_v2/normalized/16_bench_installs.norm,2026-09-04 14:25:44.340689 UTC,2026-09-04 19:55:44.340689 IST,340689453,1788531944.340688944,statx birth time via coreutils stat,2026-09-04 14:25:44.340689 UTC,2354,f22b321d45cbfd612fee036d5dc14722ec9c269f4824c610d5bb5803437eb799,relocated/copied this turn; content authored in an earlier turn
134,envcheck/run_v2/normalized/17_mem_pressure.norm,2026-09-04 14:25:44.340689 UTC,2026-09-04 19:55:44.340689 IST,340689453,1788531944.340688944,statx birth time via coreutils stat,2026-09-04 14:25:44.340689 UTC,2595,bfd3ef22b35cc6a61ff054f847b7937dcbc2783a0a1bd6653348bb6c73de65cc,relocated/copied this turn; content authored in an earlier turn
135,envcheck/run_v2/normalized/18_background.norm,2026-09-04 14:25:44.340689 UTC,2026-09-04 19:55:44.340689 IST,340689453,1788531944.340688944,statx birth time via coreutils stat,2026-09-04 14:25:44.340689 UTC,1975,81a5b18d064b26f418aabe0d7b109d14cfbd3ce2bf5648a793d4aeac40f581a1,relocated/copied this turn; content authored in an earlier turn
136,envcheck/run_v2/normalized/19_services.norm,2026-09-04 14:25:44.340689 UTC,2026-09-04 19:55:44.340689 IST,340689453,1788531944.340688944,statx birth time via coreutils stat,2026-09-04 14:25:44.340689 UTC,8120,fd0755883398a7d2ea29f3f0b40f56b987a3d718ff6d49eafe0e8c0afb095900,relocated/copied this turn; content authored in an earlier turn
137,envcheck/run_v2/normalized/20_accelerators.norm,2026-09-04 14:25:44.340689 UTC,2026-09-04 19:55:44.340689 IST,340689453,1788531944.340688944,statx birth time via coreutils stat,2026-09-04 14:25:44.340689 UTC,1666,7421d1ec899fbe30747d962de68013bf84e68d26153a7ef1cca661651f2c9487,relocated/copied this turn; content authored in an earlier turn
138,envcheck/run_v2/normalized/MANIFEST.norm,2026-09-04 14:25:44.340689 UTC,2026-09-04 19:55:44.340689 IST,340689453,1788531944.340688944,statx birth time via coreutils stat,2026-09-04 14:25:44.340689 UTC,4359,538e7847ccccfa25f833e6c614d12a50264b3f89d85a23d782c119c13d3a6064,relocated/copied this turn; content authored in an earlier turn
139,envcheck/run_v2/normalized/SHA256SUMS.norm,2026-09-04 14:25:44.340689 UTC,2026-09-04 19:55:44.340689 IST,340689453,1788531944.340688944,statx birth time via coreutils stat,2026-09-04 14:25:44.340689 UTC,553,51486d457286d903b57aa969f9eb7491a3d8dff6c0a9e99d09966e314fa1e49c,relocated/copied this turn; content authored in an earlier turn
140,envcheck/run_v2/normalized/SHA256SUMS.normalized.norm,2026-09-04 14:25:44.340689 UTC,2026-09-04 19:55:44.340689 IST,340689453,1788531944.340688944,statx birth time via coreutils stat,2026-09-04 14:25:44.340689 UTC,817,3a543c0850dc067a37d19d81e183277c1877ec47fa76837cc40256aeccabfd5b,relocated/copied this turn; content authored in an earlier turn
141,envcheck/run_v2/.run_id,2026-09-04 14:25:44.344689 UTC,2026-09-04 19:55:44.344689 IST,344689453,1788531944.344688892,statx birth time via coreutils stat,2026-09-04 14:25:44.344689 UTC,23,fbe349f7e68b75a651602e06ed59645bfe8ee8129250d573566a125a77f73687,relocated/copied this turn; content authored in an earlier turn
142,envcheck/run_v2/MANIFEST.txt,2026-09-04 14:25:44.344689 UTC,2026-09-04 19:55:44.344689 IST,344689453,1788531944.344688892,statx birth time via coreutils stat,2026-09-04 14:25:44.344689 UTC,5966,a8015612af866724314d5aa2c439f3741a0215db9196dbd40a39c1ccb5df1a44,relocated/copied this turn; content authored in an earlier turn
143,envcheck/run_v2/SHA256SUMS.normalized.txt,2026-09-04 14:25:44.344689 UTC,2026-09-04 19:55:44.344689 IST,344689453,1788531944.344688892,statx birth time via coreutils stat,2026-09-04 14:25:44.344689 UTC,2115,fdc6a941aac87895b11f62664c5032045e86abef8574a9ae77b2303b6c2576b6,relocated/copied this turn; content authored in an earlier turn
144,envcheck/run_v2/SHA256SUMS.txt,2026-09-04 14:25:44.344689 UTC,2026-09-04 19:55:44.344689 IST,344689453,1788531944.344688892,statx birth time via coreutils stat,2026-09-04 14:25:44.344689 UTC,1851,396526834c108d4ac70f302debf84aea955a93196caac797538102eed791a70f,relocated/copied this turn; content authored in an earlier turn
145,envcheck/run_v2/manifest.json,2026-09-04 14:25:44.344689 UTC,2026-09-04 19:55:44.344689 IST,344689453,1788531944.344688892,statx birth time via coreutils stat,2026-09-04 14:25:44.344689 UTC,8083,f4e2fb799b884c811b2b5df84150b109455190fa8949697bcc17b9998336fcc3,relocated/copied this turn; content authored in an earlier turn
146,envcheck/PROMPTS.md,2026-09-04 14:33:17.829770 UTC,2026-09-04 20:03:17.829770 IST,829770652,1788532397.829770088,statx birth time via coreutils stat,2026-09-04 14:33:17.829771 UTC,7109,968fde76bab8fbad17b2e0863326a9816a53ad62beffd252c4904ad587860765,authored this turn
147,envcheck/make_bundle_zip.py,2026-09-04 14:37:33.545770 UTC,2026-09-04 20:07:33.545770 IST,545770652,1788532653.545769930,statx birth time via coreutils stat,2026-09-04 14:39:43.201771 UTC,30118,9ac306f9675956f93fba934da2c5cab89d2310320c476cfb5430f7445802ec16,authored this turn
148,envcheck/verify_zip.py,2026-09-04 14:38:11.417770 UTC,2026-09-04 20:08:11.417770 IST,417770652,1788532691.417769909,statx birth time via coreutils stat,2026-09-04 14:38:11.417771 UTC,4038,b1f7990ac69236c3c6f0bc24f5f2bffd78f4c9cb5f6ff6474582be767b366207,authored this turn
,# generated files (this script's own outputs) are not hashed here: see ZIP_METADATA.json generated_files. Sequence numbers continue from the last row above.
